1237903356124778497,@itsaadee #Happy Birthday Atif sir..... God bless u &amp; ur family..... ü§óüòçüòä‚ù§,"[{""text"": ""Happy"", ""indices"": [10, 16]}]",2020-03-12 00:48:53
1237902257607368704,Wait? Tinnerboom now using the back heel? #joy #NYCFC,"[{""text"": ""joy"", ""indices"": [42, 46]}, {""text"": ""NYCFC"", ""indices"": [47, 53]}]",2020-03-12 00:44:31
1237902177827463168,"""When #joy goes, the Word loses its power, its freshness and richness."" - E.W. Kenyon","[{""text"": ""joy"", ""indices"": [6, 10]}]",2020-03-12 00:44:12
1237901389059297280,@realDonaldTrump #Glad your the only one who believes that . Pinocchio,"[{""text"": ""Glad"", ""indices"": [17, 22]}]",2020-03-12 00:41:04
1237899368092405760,I #really need to #work on making #myself #happy #ThoughtOfTheDay,"[{""text"": ""really"", ""indices"": [2, 9]}, {""text"": ""work"", ""indices"": [18, 23]}, {""text"": ""myself"", ""indices"": [34, 41]}, {""text"": ""happy"", ""indices"": [42, 48]}, {""text"": ""ThoughtOfTheDay"", ""indices"": [49, 65]}]",2020-03-12 00:33:03
1237898670017613824,Good Morning Everyone! :) . . #RustagiPolymers #goodmorning #love #beautiful #summer #bomdia #instagood #happy #instagram #photography #amazing #life #picoftheday #photooftheday #morning,"[{""text"": ""RustagiPolymers"", ""indices"": [30, 46]}, {""text"": ""goodmorning"", ""indices"": [47, 59]}, {""text"": ""love"", ""indices"": [60, 65]}, {""text"": ""beautiful"", ""indices"": [66, 76]}, {""text"": ""summer"", ""indices"": [77, 84]}, {""text"": ""bomdia"", ""indices"": [85, 92]}, {""text"": ""instagood"", ""indices"": [93, 103]}, {""text"": ""happy"", ""indices"": [104, 110]}, {""text"": ""instagram"", ""indices"": [111, 121]}, {""text"": ""photography"", ""indices"": [122, 134]}, {""text"": ""amazing"", ""indices"": [135, 143]}, {""text"": ""life"", ""indices"": [144, 149]}, {""text"": ""picoftheday"", ""indices"": [150, 162]}, {""text"": ""photooftheday"", ""indices"": [163, 177]}, {""text"": ""morning"", ""indices"": [178, 186]}]",2020-03-12 00:30:16
1237898420720996352,Toking away the day #toke #happy #weedlife #tired #needmore,"[{""text"": ""toke"", ""indices"": [20, 25]}, {""text"": ""happy"", ""indices"": [26, 32]}, {""text"": ""weedlife"", ""indices"": [33, 42]}, {""text"": ""tired"", ""indices"": [43, 49]}, {""text"": ""needmore"", ""indices"": [50, 59]}]",2020-03-12 00:29:17
1237896610807332864,I'm 36 mins into the first episode of #LoveIsBlind and idk how I feel right now #Cringe #Happy #Stupid #HugeSmileOnMyFace #IsThisRealLife #IfItWorksItWorks,"[{""text"": ""LoveIsBlind"", ""indices"": [38, 50]}, {""text"": ""Cringe"", ""indices"": [80, 87]}, {""text"": ""Happy"", ""indices"": [88, 94]}, {""text"": ""Stupid"", ""indices"": [95, 102]}, {""text"": ""HugeSmileOnMyFace"", ""indices"": [103, 121]}, {""text"": ""IsThisRealLife"", ""indices"": [122, 137]}, {""text"": ""IfItWorksItWorks"", ""indices"": [138, 155]}]",2020-03-12 00:22:05
1237895488587870208,"I‚Äôm sitting at dinner with #MyThreeSons after successful parent-teacher conferences...they have not taken a breath in 20 minutes, engrossed in #Minecraft strategy and comedy...and they are #happy. Best reminder for me to chill out as a parent to get this more often. @dipnotz","[{""text"": ""MyThreeSons"", ""indices"": [27, 39]}, {""text"": ""Minecraft"", ""indices"": [143, 153]}, {""text"": ""happy"", ""indices"": [189, 195]}]",2020-03-12 00:17:38
1237894470374313984,"I hope you'll cheer with me and enjoy the rest of your time.Hah!
#Seol #Happy Lunar New Year #Our fans #Do whatever you want to do. #Pyeongchang Olympics too #Fighting","[{""text"": ""Seol"", ""indices"": [65, 70]}, {""text"": ""Happy"", ""indices"": [71, 77]}, {""text"": ""Our"", ""indices"": [93, 97]}, {""text"": ""Do"", ""indices"": [103, 106]}, {""text"": ""Pyeongchang"", ""indices"": [132, 144]}, {""text"": ""Fighting"", ""indices"": [158, 167]}]",2020-03-12 00:13:35
1237893189085757444,@raycondones Can't Wait ‚ù§Ô∏è#happy #joy #LGBTQCOVID2019,"[{""text"": ""happy"", ""indices"": [26, 32]}, {""text"": ""joy"", ""indices"": [33, 37]}, {""text"": ""LGBTQCOVID2019"", ""indices"": [38, 53]}]",2020-03-12 00:08:29
1237892593624576000,"I thought Jacob was the clear winner of the #PotteryThrowdown every dragon was just awesome.
Sad that's it over and that I came to the series late. So much creativity and 'niceness' for want of a better word between the contestants. Just a #joy to watch in a weary world.","[{""text"": ""PotteryThrowdown"", ""indices"": [44, 61]}, {""text"": ""joy"", ""indices"": [240, 244]}]",2020-03-12 00:06:07
1237891799118536706,"Thank you so much to all the fans who wished me a happy birthday!!
# February 8 #Jeongin's Day #Birthday #Happy day","[{""text"": ""Jeongin"", ""indices"": [80, 88]}, {""text"": ""Birthday"", ""indices"": [95, 104]}, {""text"": ""Happy"", ""indices"": [105, 111]}]",2020-03-12 00:02:58
1237890349638402050,"#SkiUMah #GoGophers #B1GTourney  Good Win, just NINE MORE and be #happy!!!!    Throwing in another #SKOL   #NoFans tomorrow, sorry #Iowa","[{""text"": ""SkiUMah"", ""indices"": [0, 8]}, {""text"": ""GoGophers"", ""indices"": [9, 19]}, {""text"": ""B1GTourney"", ""indices"": [20, 31]}, {""text"": ""happy"", ""indices"": [65, 71]}, {""text"": ""SKOL"", ""indices"": [99, 104]}, {""text"": ""NoFans"", ""indices"": [107, 114]}, {""text"": ""Iowa"", ""indices"": [131, 136]}]",2020-03-11 23:57:12
1237888548268691458,"Not gonna‚Äô lie, my favorite thing about @PlanetFitness is watching their staff #obsessively clean (even pre-flu madness). Seriously, this is the #cleanest #gym I‚Äôve ever been in and it makes my #biologist #heart SO #HAPPY. #kingmanaz","[{""text"": ""obsessively"", ""indices"": [79, 91]}, {""text"": ""cleanest"", ""indices"": [145, 154]}, {""text"": ""gym"", ""indices"": [155, 159]}, {""text"": ""biologist"", ""indices"": [194, 204]}, {""text"": ""heart"", ""indices"": [205, 211]}, {""text"": ""HAPPY"", ""indices"": [215, 221]}, {""text"": ""kingmanaz"", ""indices"": [223, 233]}]",2020-03-11 23:50:03
1237885960601219072,#Joy Reid should replace Chris Matthew,"[{""text"": ""Joy"", ""indices"": [0, 4]}]",2020-03-11 23:39:46
1237884915879821313,@imscooterrogers You know I‚Äôm ready for this Scooter Rogers!! #JOY #Treehousegang,"[{""text"": ""JOY"", ""indices"": [62, 66]}, {""text"": ""Treehousegang"", ""indices"": [67, 81]}]",2020-03-11 23:35:37
1237883104636702722,"THE CATCH OF THE DAY: @dannyworsnop - ""Happy""

Let us know whatcha think! - @kim89x 

#thecatchoftheday #dannyworsnop #askingalexandria #newmusic #happy #newrockfirst #newrock89x #89xatnight #solo #projects #wednesday","[{""text"": ""thecatchoftheday"", ""indices"": [86, 103]}, {""text"": ""dannyworsnop"", ""indices"": [104, 117]}, {""text"": ""askingalexandria"", ""indices"": [118, 135]}, {""text"": ""newmusic"", ""indices"": [136, 145]}, {""text"": ""happy"", ""indices"": [146, 152]}, {""text"": ""newrockfirst"", ""indices"": [153, 166]}, {""text"": ""newrock89x"", ""indices"": [167, 178]}, {""text"": ""89xatnight"", ""indices"": [179, 190]}, {""text"": ""solo"", ""indices"": [191, 196]}, {""text"": ""projects"", ""indices"": [197, 206]}, {""text"": ""wednesday"", ""indices"": [207, 217]}]",2020-03-11 23:28:25
1237879780411760640,Every time I travel to DC I organize my trip to eat at least one meal at @sweetgreen.  And be still my beating heart they are building one in Denver.  A small #joy during an otherwise bleak week.,"[{""text"": ""joy"", ""indices"": [159, 163]}]",2020-03-11 23:15:13
1237879743438974977,"I hope everyone is having a great day! 

#Happy #LiveYourLife","[{""text"": ""Happy"", ""indices"": [41, 47]}, {""text"": ""LiveYourLife"", ""indices"": [48, 61]}]",2020-03-11 23:15:04
